{"cameraMode":{"drawMode":0,"name":"Shaded","section":"Shading Mode"},"sceneLighting":true,"audioPlay":false,"sceneViewState":{"m_AlwaysRefresh":false,"showFog":true,"showSkybox":true,"showFlares":true,"showImageEffects":true,"showParticleSystems":true,"showVisualEffectGraphs":true,"m_FxEnabled":true},"in2DMode":false,"pivot":{"x":17.297195434570314,"y":-7.209903717041016,"z":22.490367889404298},"rotation":{"x":0.18220899999141694,"y":0.7735638618469238,"z":-0.5502955317497253,"w":0.2561955749988556},"size":25.479454040527345,"orthographic":false}