{"cameraMode":{"drawMode":0,"name":"Shaded","section":"Shading Mode"},"sceneLighting":true,"audioPlay":false,"sceneViewState":{"m_AlwaysRefresh":false,"showFog":true,"showSkybox":true,"showFlares":true,"showImageEffects":true,"showParticleSystems":true,"showVisualEffectGraphs":true,"m_FxEnabled":true},"in2DMode":false,"pivot":{"x":13.509571075439454,"y":-14.707183837890625,"z":14.520017623901368},"rotation":{"x":0.43677642941474917,"y":0.47995683550834658,"z":-0.2998047471046448,"w":0.6993201971054077},"size":25.582969665527345,"orthographic":false}