{"cameraMode":{"drawMode":0,"name":"Shaded","section":"Shading Mode"},"sceneLighting":true,"audioPlay":false,"sceneViewState":{"m_AlwaysRefresh":false,"showFog":true,"showSkybox":true,"showFlares":true,"showImageEffects":true,"showParticleSystems":true,"showVisualEffectGraphs":true,"m_FxEnabled":true},"in2DMode":false,"pivot":{"x":0.053618550300598147,"y":2.580225944519043,"z":0.14388638734817506},"rotation":{"x":-0.1943219006061554,"y":0.7909699082374573,"z":-0.3157552480697632,"w":-0.4868104159832001},"size":1.2699522972106934,"orthographic":false}